Chr,Coord,EditType,RNA_baseCount[A;C;G;T],P_val,Cov,EditRate
chrI,50043,A->G|T->C,[158   0  19   0],3.9226362951728e-10,177,0.107
chrI,12668,T->C|A->G,[ 0  6  0 26],2.682913321536838e-07,32,0.188
chrI,39845,A->G|T->C,[118   0   5   0],0.015969910218532266,123,0.041
